{
  "os": "Linux-6.8.0-40-generic-x86_64-with-glibc2.35",
  "python": "CPython 3.10.15",
  "startedAt": "2024-12-14T02:50:13.417414Z",
  "args": [
    "examples/train_lora/llava1_5_lora_sft.yaml"
  ],
  "program": "/home/weipeilun/playground/racing/LLaMA-Factory/src/llamafactory/cli.py",
  "git": {
    "remote": "https://github.com/hiyouga/LLaMA-Factory.git",
    "commit": "c42890bb2b287ac1fccb369a63a6495e7008b245"
  },
  "email": "weipeilun0217@gmail.com",
  "root": "/data/playground/racing/LLaMA-Factory",
  "host": "weipeilun",
  "username": "weipeilun",
  "executable": "/data/anaconda3/envs/llama-factory/bin/python",
  "cpu_count": 16,
  "cpu_count_logical": 24,
  "gpu": "NVIDIA GeForce RTX 3090",
  "gpu_count": 1,
  "disk": {
    "/": {
      "total": "1004963201024",
      "used": "256951754752"
    }
  },
  "memory": {
    "total": "67269816320"
  },
  "cpu": {
    "count": 16,
    "countLogical": 24
  },
  "gpu_nvidia": [
    {
      "name": "NVIDIA GeForce RTX 3090",
      "memoryTotal": "25769803776",
      "cudaCores": 10496,
      "architecture": "Ampere"
    }
  ],
  "cudaVersion": "12.4"
}