{"train/loss":0.9083,"train_samples_per_second":0.344,"train/learning_rate":9.73615262502503e-08,"_step":34,"_runtime":7931.545299028,"_timestamp":1.7339042900737367e+09,"train_steps_per_second":0.043,"train/grad_norm":8.765429496765137,"eval/loss":0.9375912547111511,"total_flos":2.4216560455385088e+17,"train_loss":1.085859633627392,"eval/steps_per_second":1.075,"eval/runtime":93.0587,"train/epoch":2.986666666666667,"_wandb":{"runtime":7932},"train_runtime":7839.557,"eval/samples_per_second":1.075,"train/global_step":336}