{"train/grad_norm":2.5196967124938965,"eval/loss":0.329571008682251,"train_steps_per_second":0.015,"eval/steps_per_second":0.492,"train_samples_per_second":0.118,"train/loss":0.3262,"total_flos":1.0953302181348311e+18,"_step":158,"_timestamp":1.734707795023842e+09,"train/global_step":717,"eval/samples_per_second":0.492,"_runtime":49334.420235603,"train/epoch":2.992175273865415,"_wandb":{"runtime":49334},"train/learning_rate":2.3723397281127936e-09,"train_loss":0.3817674280709303,"eval/runtime":433.3151,"train_runtime":48902.3857}